{
  "methods": [
    "Baseline (Abstract Only)",
    "SocketMatch (Deep Info + Logic)"
  ],
  "accuracy": [
    0.2826086956521739,
    0.717391304347826
  ],
  "macro_f1": [
    0.15055466441898477,
    0.46151089817254837
  ],
  "weighted_f1": [
    0.35608396170500195,
    0.7251733876784728
  ],
  "per_class_metrics": {
    "Overcomes": {
      "f1_scores": [
        0.06896551724137932,
        0.3333333333333333
      ]
    },
    "Realizes": {
      "f1_scores": [
        0.0,
        0.20689655172413793
      ]
    },
    "Extends": {
      "f1_scores": [
        0.10526315789473685,
        0.5714285714285714
      ]
    },
    "Alternative": {
      "f1_scores": [
        0.12698412698412698,
        0.35294117647058826
      ]
    },
    "Adapts_to": {
      "f1_scores": [
        0.15189873417721517,
        0.45161290322580644
      ]
    },
    "Baselines": {
      "f1_scores": [
        0.4502164502164502,
        0.8528528528528528
      ]
    }
  }
}