{
  "accuracy_improvement": 0.43478260869565216,
  "accuracy_improvement_percent": 153.84615384615387,
  "macro_f1_improvement": 0.3109562337535636,
  "macro_f1_improvement_percent": 206.5404183613938
}